Column1,Column2,Column3,Column4
0.0,1.0,1.0,1.0
0.048828125,0.917067403198478,1.2148910584010408,1.8583145595080557
0.09765625,0.7803295552184274,1.3871286710934634,2.999671414714509
0.146484375,0.6078451533067173,1.4959448230842172,4.627026858361622
0.1953125,0.4282734892627894,1.5216497694061735,6.67003116343213
0.244140625,0.27250361252137695,1.470408428301504,8.825271564876228
0.29296875,0.15868097611635779,1.3691009342454832,10.719231445376206
0.341796875,0.08664907686526628,1.2471665689916103,12.118271120240948
0.390625,0.0456026489260509,1.1245335540931032,12.97404083964172
0.439453125,0.023707344479730528,1.0107517311225278,13.348126920200198
0.48828125,0.012415308543719417,0.9088604823327555,13.338384248090115
0.537109375,0.006645607024874695,0.8188593317394177,13.042622186055754
0.5859375,0.0036730369453476753,0.7396444860177418,12.546105718395957
0.634765625,0.0021099656144155346,0.6698650191691049,11.918681830892355
0.68359375,0.0012644308202075512,0.608239904474491,11.215231134154669
0.732421875,0.0007916842703309166,0.5536486537407564,10.47730522708734
0.78125,0.0005178712401664797,0.5051384143020352,9.735189976937358
0.830078125,0.0003535037894209688,0.461905106694228,9.010033034099
0.87890625,0.000251325341130574,0.4232696914439144,8.315827717497475
0.927734375,0.0001856603781938668,0.3886563776686924,7.661142642980625
0.9765625,0.00014213808456036477,0.35757439185672635,7.050556489220685
1.025390625,0.00011247118657812119,0.3296032091823584,6.485802989936316
1.07421875,9.17388337460143e-5,0.3043806940088663,5.966656427789953
1.123046875,7.693584873310693e-5,0.2815935633656107,5.491598372771186
1.171875,6.617750525361148e-5,0.2609696741685853,5.058307727429643
1.220703125,5.825206844822355e-5,0.24227173900522309,4.664012563569525
1.26953125,5.236248827162123e-5,0.2252921658899501,4.3057365685435425
1.318359375,4.797355875007763e-5,0.20984878889237266,3.980466818502586
1.3671875,4.471932563835467e-5,0.19578131089863368,3.6852639222962638
1.416015625,4.23457295648159e-5,0.18294832056366453,3.4173307024561916
1.46484375,4.067432714388092e-5,0.171224776093405,3.1740515886662766
1.513671875,3.9578897106343184e-5,0.16049987154736922,2.953011742182577
1.5625,3.897008833731469e-5,0.15067521884877605,2.7520024934643037
1.611328125,3.8785188318998086e-5,0.14166329203696834,2.569017830751419
1.66015625,3.898121557146045e-5,0.1333860907193314,2.4022453020050323
1.708984375,3.953021142608673e-5,0.12577398769892126,2.2500536803903812
1.7578125,4.0416015187560554e-5,0.11876473214308376,2.110979006979052
1.806640625,4.163205993763625e-5,0.11230258470415705,1.9837100942863028
1.85546875,4.317988587243325e-5,0.10633756503800663,1.8670741969880122
1.904296875,4.506817043741648e-5,0.10082479544000399,1.760023290610655
1.953125,4.7312141311666196e-5,0.09572392695006159,1.661621214823879
2.001953125,4.993328260742819e-5,0.09099863645575378,1.5710318119772844
2.05078125,5.2959274638847646e-5,0.0866161850946785,1.4875081074147587
2.099609375,5.642412827827184e-5,0.08254702972862246,1.4103825232949139
2.1484375,6.036848955680711e-5,0.07876448048183973,1.3390580835739536
2.197265625,6.484010080267668e-5,0.07524439836850609,1.273000547838834
2.24609375,6.989441262726504e-5,0.07196492787430088,1.2117314015813467
2.294921875,7.559534741245037e-5,0.06890626008184438,1.1548216266430236
2.34375,8.201622016709942e-5,0.0660504225522142,1.1018861761477854
2.392578125,8.924082722926212e-5,0.06338109265628097,1.0525790812159757
2.44140625,9.736471753440918e-5,0.060883431558114924,1.0065891213943094
2.490234375,0.0001064966653134537,0.058543936316507984,0.9636359960785258
2.5390625,0.00011676036731246686,0.05635030802729592,0.9234669398820119
2.587890625,0.00012829639207430962,0.054291334078056426,0.885853730519117
2.63671875,0.00014126441362967312,0.05235678291514504,0.8505900431573068
2.685546875,0.00015584576724847864,0.05053730987733794,0.8174891102918669
2.734375,0.0001722463708003502,0.04882437285516194,0.7863816507546652
2.783203125,0.00019070006192046124,0.04721015666329557,0.7571140357963677
2.83203125,0.0002114724086698002,0.045687505164694726,0.7295466638826317
2.880859375,0.00023486505992781985,0.04424986029981001,0.7035525193332567
2.9296875,0.0002612207114379292,0.04289120726182514,0.6790158928652966
2.978515625,0.0002909287745121768,0.041606025173550686,0.6558312448190995
3.02734375,0.0003244318470337801,0.04038924264791667,0.6339021942319634
3.076171875,0.00036223310084893885,0.03923619776463984,0.6131406188983555
3.125,0.00040490471615529976,0.03814260194207601,0.5934658534634683
3.173828125,0.0004530975124012954,0.03710450737377214,0.5748039741865278
3.22265625,0.000507551946830686,0.036118277593547285,0.5570871603260728
3.271484375,0.0005691106765785614,0.035180560897650245,0.5402531234527731
3.3203125,0.0006387329085435364,0.034288266352204506,0.5242445969462874
3.369140625,0.0007175107937222302,0.03343854207241458,0.5090088789322768
3.41796875,0.000806688159823909,0.03262875562225018,0.4944974227691126
3.466796875,0.0009076819185028588,0.03185647627493411,0.4806654698094063
3.515625,0.001022106532237492,0.03111945902588909,0.4674717199200684
3.564453125,0.0011518019815931527,0.03041563013219648,0.454878035697554
3.61328125,0.001298865737401185,0.029743074080628814,0.4428491768607333
3.662109375,0.0014656893153831905,0.029100021880288172,0.4313525617140304
3.7109375,0.0016550000742781028,0.028484840513871453,0.4203580529728674
3.759765625,0.0018699090141038313,0.027896023540012863,0.4098377655616288
3.80859375,0.0021139654404790193,0.02733218266428296,0.39976589425332737
3.857421875,0.0023912194859381643,0.026792040328025717,0.3901185594007699
3.90625,0.0027062936220093084,0.02627442316603825,0.38087366918824117
3.955078125,0.003064464459089352,0.02577825631338733,0.37201079694209827
4.00390625,0.003471756317543931,0.025302558576662634,0.36351107246136694
4.052734375,0.003935048266228775,0.024846438367338942,0.3553570863761058
4.1015625,0.004462196567324409,0.024409090443643998,0.3475328066672682
4.150390625,0.005062174742943261,0.023989793435993945,0.3400235067845897
4.19921875,0.0057452337939021,0.02358790816821767,0.3328157048998921
4.248046875,0.006523085459261211,0.023202876833018797,0.325897113922818
4.296875,0.007409111812130524,0.022834222985718983,0.3192566022544353
4.345703125,0.008418604948790546,0.022481552510064225,0.31288416517216866
4.39453125,0.009569041050690983,0.022144555580171775,0.3067709072356671
4.443359375,0.01088039368938154,0.02182300971901286,0.300909036027623
4.4921875,0.012375491909677112,0.021516784114155096,0.2952918679573358
4.541015625,0.014080429373939652,0.021225845351056177,0.28991384710667517
4.58984375,0.016025031687035104,0.02095026478576225,0.28477057837280245
4.638671875,0.018243389953727297,0.0206902278611588,0.279858876673433
4.6875,0.020774469653042176,0.0204460455817843,0.275176834298522
4.736328125,0.023662805049938004,0.020218168791473753,0.2707239093390071
4.78515625,0.026959290602329967,0.0200072056704496,0.2665010387147033
4.833984375,0.03072208215390491,0.01981394315625693,0.26251078041256104
4.8828125,0.035017622113722426,0.019639373285082404,0.25875749075188237
4.931640625,0.03992180428383341,0.019484725580069497,0.25524754422287316
4.98046875,0.04552129544768795,0.01935150699852246,0.25198960558033495
5.029296875,0.05191503222749876,0.019241551442913736,0.24899496665803042
5.078125,0.059215912869319084,0.019157081505289122,0.24627796427264245
5.126953125,0.06755270443139302,0.019100785884122767,0.24385650067970124
5.17578125,0.07707218597295613,0.019075917158924944,0.24175269485578352
5.224609375,0.08794154741529846,0.019086416246060223,0.23999370245415524
5.2734375,0.100351061149844,0.019137072139175936,0.2386127553721494
5.322265625,0.1145170383115619,0.01923372879309107,0.23765048997431085
5.37109375,0.1306850725877846,0.019383555712805065,0.23715665879153822
5.419921875,0.14913355950393337,0.019595405345308847,0.23719235739719946
5.46875,0.17017745531715248,0.019880290540467527,0.2378329509533991
5.517578125,0.1941722023967668,0.020252029684654723,0.2391719625907878
5.56640625,0.22151769026592177,0.02072812928048724,0.24132630098331884
5.615234375,0.2526620324278177,0.02133100729549694,0.24444337767899188
5.6640625,0.2881048015365002,0.022089712633594962,0.24871092956755594
5.712890625,0.3283991519861074,0.02304237788736183,0.25437077357824867
5.76171875,0.37415192513801576,0.024239773258597573,0.2617383713671196
5.810546875,0.42602030501888954,0.025750541992180343,0.27123112913667985
5.859375,0.48470274917226835,0.027669047772654196,0.28341007692618647
5.908203125,0.5509205530682116,0.030127351675712347,0.29904244705250393
5.95703125,0.625384161458074,0.033313832635438224,0.3191975803456699
6.005859375,0.7087346010529088,0.037502675730524425,0.34539713380288617
6.0546875,0.8014441130592638,0.04310139858706427,0.3798557156596279
6.103515625,0.9036494072387762,0.05072862218725906,0.42587536327100795
6.15234375,1.0148730416129987,0.061342630030258416,0.4885068741731616
6.201171875,1.133559259051629,0.07645390181271061,0.5756807779155861
6.25,1.256307322651873,0.09846948919087635,0.7001680920757637
6.298828125,1.376637563765338,0.13121659327187504,0.8829798115828956
6.34765625,1.4831365798681924,0.18060835126501298,1.159087063744644
6.396484375,1.55713675069168,0.25504213513126345,1.5861061136621313
6.4453125,1.5713301672220428,0.3640622709462748,2.2536295669323287
6.494140625,1.4937704912446186,0.5121469403660381,3.279234527340165
6.54296875,1.3046406041157175,0.6858339152920021,4.752957688727304
6.591796875,1.0239337001285684,0.8451591835298515,6.598618242166438
6.640625,0.7185386881139231,0.9429654774986328,8.47074355080761
6.689453125,0.4602198267080193,0.9620890017492247,9.927880158090192
6.73828125,0.27931191197391714,0.921434983840249,10.744397592628763
6.787109375,0.16677751332854682,0.8503837485475132,10.96647752436097
6.8359375,0.10074794347071518,0.7702099445438563,10.758894493666935
6.884765625,0.0626481870858606,0.6918960791302644,10.283332471808038
6.93359375,0.040476132100648925,0.6198839918914785,9.660228185049244
6.982421875,0.02728148295854538,0.5553952173975766,8.970383855576944
7.03125,0.019198302982299346,0.4982828195123582,8.265401168861393
7.080078125,0.014089314188333372,0.44790100282510326,7.576991417097725
7.12890625,0.01075917248576533,0.4034782594573688,6.92364987502344
7.177734375,0.008525402793094428,0.36426540486887604,6.315192615340168
7.2265625,0.0069885051903258895,0.3295868818530411,5.755813031525502
7.275390625,0.005908339578040878,0.2988522149874826,5.246141801783444
7.32421875,0.005136691002328604,0.2715520714382581,4.784632786779734
7.373046875,0.0045797394468775,0.24724921710985906,4.368488979549099
7.421875,0.004176694286053093,0.22556855861802277,3.9942732136249837
7.470703125,0.0038873408719440087,0.20618785928618646,3.6583030224757196
7.51953125,0.0036846093506482467,0.18882962496364772,3.3568985306946875
7.568359375,0.0035500386237808067,0.17325421283069956,3.0865312189617033
7.6171875,0.003470947676682123,0.15925405260057315,2.8439067091912165
7.666015625,0.003438636657715609,0.1466488234773994,2.626004406084543
7.71484375,0.003447222825251885,0.1352814309732414,2.4300896053288357
7.763671875,0.003492876443786737,0.1250146450880662,2.253708633751362
7.8125,0.0035733140949672304,0.115728282872136,2.0946740867697655
7.861328125,0.00368746131171934,0.10731683921755102,1.9510448149207302
7.91015625,0.0038352291649025477,0.09968748682725202,1.8211036616014942
7.958984375,0.004017369479929082,0.09275838167847769,1.7033348361580232
8.0078125,0.004235385878332964,0.08645722203630704,1.5964020562426684
8.056640625,0.0044914858041522985,0.08072001864981022,1.4991280977007404
8.10546875,0.0047885638621381925,0.07549004185728683,1.4104760669034804
8.154296875,0.0051302102172094115,0.07071691716953647,1.329532505393477
8.203125,0.0055207401244409095,0.06635584617107126,1.2554923105079239
8.251953125,0.005965242274533792,0.062366933684323944,1.1876453812862735
8.30078125,0.006469644802553877,0.05871460495433876,1.1253648602621358
8.349609375,0.0070407986787629296,0.055367100031005076,1.068096823585888
8.3984375,0.007686578884801913,0.052296033812768206,1.015351269131623
8.447265625,0.008416004346244694,0.0494760128976183,0.9666942566952916
8.49609375,0.009239378091077225,0.04688430097282795,0.9217410642347256
8.544921875,0.010168449566077658,0.044500526586415005,0.8801502350347701
8.59375,0.01121660149278375,0.04230642732859742,0.8416184048696964
8.642578125,0.01239906409903512,0.04028562594121907,0.8058758095167519
8.69140625,0.013733160034011435,0.038423434232920356,0.7726823856899772
8.740234375,0.015238583773835085,0.036706681419548616,0.7418243892255071
8.7890625,0.016937719858848534,0.035123563980403956,0.7131114650936511
8.837890625,0.018856004877646392,0.033663514673238484,0.6863741121013496
8.88671875,0.021022338729962786,0.03231708859990372,0.6614614943076201
8.935546875,0.02346955136079653,0.03107586458950303,0.6382395575138489
8.984375,0.02623493185883102,0.029932360726097472,0.6165894169549112
9.033203125,0.029360827545348092,0.02887996276175871,0.5964059869271329
9.08203125,0.032895321431198284,0.027912864772922107,0.5775968300178289
9.130859375,0.03689299716643039,0.027026021415066964,0.5600812075655072
9.1796875,0.04141580131345819,0.0262151118731823,0.543789318715841
9.228515625,0.0465340133888741,0.02547651543226701,0.5286617202876602
9.27734375,0.05232733455044692,0.024807299306002832,0.5146489247945705
9.326171875,0.058886105990362356,0.024205219871007135,0.5017111797503946
9.375,0.06631266776484727,0.023668738839875664,0.4898184384508395
9.423828125,0.07472286786656478,0.023197056782523914,0.47895054008624693
9.47265625,0.08424772935726473,0.02279016733994673,0.4690976265175724
9.521484375,0.09503527995092705,0.022448937258023657,0.4602608368949502
9.5703125,0.10725254286833169,0.022175217952162665,0.45245333702766044
9.619140625,0.121087679134942,0.021971998730061497,0.44570176288922064
9.66796875,0.13675225839621408,0.02184361333982599,0.4400481886471978
9.716796875,0.1544836158068833,0.021796018053744832,0.4355527712304307
9.765625,0.1745472237480991,0.02183716532984632,0.4322972826608196
9.814453125,0.19723896483240433,0.021977508804998172,0.4303898254173979
9.86328125,0.2228871306628619,0.022230688695421604,0.42997114662503094
9.912109375,0.2518538798681623,0.022614471236259422,0.4312231418344572
9.9609375,0.2845357551125767,0.023152047232401756,0.4343803984292315
10.009765625,0.3213626609590983,0.023873847910439304,0.4397460121956756
10.05859375,0.3627944102987852,0.024820113647539045,0.4477134925644224
10.107421875,0.4093135066989927,0.026044573444899185,0.4587974561924121
10.15625,0.46141216620002923,0.027619785165032523,0.4736771758430653
10.205078125,0.5195705751551984,0.02964498845893475,0.4932591759384828
10.25390625,0.5842218462994282,0.03225780220831756,0.5187684005457758
10.302734375,0.6556967960009404,0.03565185682912499,0.5518827120270628
10.3515625,0.7341381236439326,0.040103631286423885,0.5949336605538905
10.400390625,0.819368322871078,0.04601353607116795,0.6512089933834856
10.44921875,0.9106882492519782,0.053968716253658316,0.725410669101992
10.498046875,1.0065740066984534,0.06483769851833752,0.8243459247722339
10.546875,1.1042318468016326,0.07990760764814431,0.9579505558906062
10.595703125,1.1989757941190595,0.10106578111219855,1.140731514985829
10.64453125,1.283443994168913,0.13098932119607418,1.3935738989519448
10.693359375,1.3468440933231833,0.17319648285510159,1.7453442150517355
10.7421875,1.3748408544860387,0.23158090948916163,2.232384468390476
10.791015625,1.3514050601384926,0.30875899300724674,2.891499376486142
10.83984375,1.2643127632653417,0.4027632519550357,3.740064936678488
10.888671875,1.1140264702245168,0.5034664957462539,4.7427646366027085
10.9375,0.920048003822647,0.5931629178682944,5.786754239112016
10.986328125,0.7157072295240096,0.6543981934718688,6.705780254737706
11.03515625,0.5322036276368299,0.6794368666340992,7.356374574947887
11.083984375,0.3859582689872933,0.6721767563969738,7.681206642142124
11.1328125,0.2783576171170948,0.6425926976504444,7.708382184466265
11.181640625,0.20274260621600548,0.6007137559628698,7.50973379794116
11.23046875,0.15067969144901724,0.553895440283772,7.162522075470098
11.279296875,0.11495581399220053,0.5066585635811858,6.730742364107683
11.328125,0.0902783833625204,0.46144785455976794,6.260930937366225
11.376953125,0.07302878681554417,0.41941447298072976,5.784321703525089
11.42578125,0.0608082060634399,0.38097315982040797,5.32058041613393
11.474609375,0.052041585915017674,0.3461457413801823,4.881236909326642
11.5234375,0.04569247907360543,0.31475843650356505,4.47233900414631
11.572265625,0.04107306512218288,0.286550664513787,4.096359342672878
11.62109375,0.03772168803293891,0.2612332250105814,3.7535152411356076
11.669921875,0.03532480203923069,0.23851831929530612,3.4426616397527794
11.71875,0.033667207381775824,0.21813416158869461,3.1618845480898066
11.767578125,0.032600112332747906,0.1998312684665129,2.908888389799422
11.81640625,0.032020432995984324,0.1833843349808817,2.6812432932745724
11.865234375,0.031857226887528796,0.16859184317805248,2.4765381956701877
11.9140625,0.03206270461371366,0.1552745776980294,2.2924712875264173
11.962890625,0.03260621914177544,0.14327368415664182,2.1268993102421865
12.01171875,0.03347022143775732,0.13244861099443278,1.9778602912580545
12.060546875,0.03464753674256179,0.12267510823393209,1.8435795387900338
12.109375,0.036139544542970796,0.11384336820503124,1.7224654545843832
12.158203125,0.03795499005934686,0.10585634123662681,1.6130995017347505
12.20703125,0.04010924779050095,0.09862823421879148,1.5142231540923397
12.255859375,0.04262391779300776,0.09208318548304269,1.4247236381241337
12.3046875,0.04552667487145103,0.08615410327279786,1.3436195937974338
12.353515625,0.04885131710674238,0.0807816525155276,1.2700473302728745
12.40234375,0.052637977767041315,0.0759133746385276,1.2032480548719215
12.451171875,0.05693347652863865,0.07150292579796914,1.1425562622785026
12.5,0.06179179389592187,0.06750942088801726,1.0873893520123943
12.548828125,0.06727465793320533,0.06389687149753272,1.0372384703938413
12.59765625,0.07345223549550613,0.06063370916101618,0.9916605323293974
12.646484375,0.08040392158521023,0.05769238601652409,0.9502713609418824
12.6953125,0.08821922027820009,0.05504904757832012,0.9127398787444416
12.744140625,0.09699870889272627,0.052683273838174845,0.8787832896553351
12.79296875,0.10685507345368485,0.05057788769341418,0.8481632040841525
12.841796875,0.11791419762450465,0.04871883186014469,0.820682678318646
12.890625,0.1303162784749696,0.04709511784707558,0.7961841643077598
12.939453125,0.14421692978747921,0.04569885555180858,0.7745483954227443
12.98828125,0.15978821572034113,0.04452537445642823,0.7556942734865498
13.037109375,0.1772195326703627,0.043573456151838434,0.7395798702862306
13.0859375,0.19671822247358875,0.04284570306290763,0.7262047214395553
13.134765625,0.21850975197976277,0.042349082400299755,0.7156136734674311
13.18359375,0.24283722741923372,0.04209569727447328,0.7079026596969193
13.232421875,0.2699599196740246,0.04210386046414252,0.7032269346245713
13.28125,0.3001503486031938,0.04239957717212057,0.7018125112313013
13.330078125,0.33368929707228373,0.04301858573448937,0.7039718436315195
13.37890625,0.37085787926795183,0.044009171009909996,0.7101252143413814
13.427734375,0.4119254475662629,0.04543605199449214,0.7208298701594757
13.4765625,0.4571316543402297,0.04738577512089266,0.7368197618441509
13.525390625,0.5066603495253401,0.049974219713337896,0.7590598618349255
13.57421875,0.5606021504681562,0.05335705862403791,0.7888205265448465
13.623046875,0.6189014456717866,0.05774431209990381,0.827779264059502
13.671875,0.6812823359901162,0.06342044793614005,0.8781594121201685
13.720703125,0.7471468122658319,0.07077166340991095,0.9429170024729763
13.76953125,0.8154380017776179,0.08032166374862311,1.0259867376797822
13.818359375,0.8844632368333303,0.09277549752384426,1.1325913033700157
13.8671875,0.9516795384068414,0.1090659323074834,1.2695959420257428
13.916015625,1.0134645377251246,0.13038498756556935,1.4458343349848135
13.96484375,1.0649392686177015,0.15815981713322816,1.6722128388334576
14.013671875,1.0999856727010247,0.19389501172749615,1.9611855161470075
14.0625,1.1117023290860404,0.23876674824709862,2.324895619229348
14.111328125,1.0935954676874784,0.2928753969469162,2.771094817510822
14.16015625,1.041627664543629,0.3542533922064361,3.296450869489296
14.208984375,0.9566357295758845,0.41814053708894605,3.8788579997098287
14.2578125,0.8457527078693798,0.4773878240931244,4.473644706511359
14.306640625,0.7212922588430195,0.5244395176009471,5.0198112744521
14.35546875,0.5970381236935872,0.5540178800362752,5.457045377225703
14.404296875,0.48403975728311693,0.5647444518585589,5.7447226297464455
14.453125,0.3883640844105304,0.5587851445397465,5.871338483707828
14.501953125,0.3113981262391788,0.5402242590132948,5.850965073823735
14.55078125,0.2515354880773954,0.5134330315128263,5.712498737142033
14.599609375,0.20589374143751576,0.4821104209013311,5.489051172464516
14.6484375,0.17144099456795328,0.44898026940884767,5.211097182084192
14.697265625,0.14552863324405318,0.4158631057888478,4.903442180330111
14.74609375,0.1260453601572731,0.3838806897756328,4.584687511004336
14.794921875,0.11138926833867008,0.35366484020573424,4.267916853299222
14.84375,0.10037686751611384,0.32552451598571525,3.9617908754578717
14.892578125,0.092145521035352,0.29956542235366573,3.6716417224630793
14.94140625,0.086070228069599,0.27577058339644717,3.400405652419496
14.990234375,0.08169917288255266,0.25405265897906903,3.1493564329238932
15.0390625,0.07870615393254235,0.2342870730479954,2.918655053997217
15.087890625,0.07685633602236713,0.21633255874968235,2.707748549109898
15.13671875,0.07598189791171027,0.20004362140376644,2.5156521430407093
15.185546875,0.07596480963783984,0.18527787587174235,2.3411444402065587
15.234375,0.0767246735601262,0.1719001661626164,2.182899394552843
15.283203125,0.0782101440604949,0.15978468559796088,2.039573180321019
15.33203125,0.08039287894749207,0.14881587158241402,1.9098594042136976
15.380859375,0.08326329078738368,0.13888856435611618,1.792522435327459
15.4296875,0.08682758770928148,0.12990774107295813,1.6864158658109267
15.478515625,0.09110574651766686,0.12178801930884073,1.590491073496487
15.52734375,0.09613016636811865,0.11445305361546321,1.5037993748362493
15.576171875,0.10194482328749761,0.10783490190182188,1.4254901962628606
15.625,0.10860479457559803,0.10187340911202972,1.3548069345021223
15.673828125,0.11617605446077733,0.09651563860253917,1.2910816483178467
15.72265625,0.12473546285973008,0.09171536989286196,1.233729356904734
15.771484375,0.13437088062280195,0.08743267596346448,1.1822424665239541
15.8203125,0.14518134898503207,0.08363359018567712,1.1361856819208493
15.869140625,0.15727726896569003,0.08028987217735589,1.095191651906944
15.91796875,0.1707805083499722,0.07737888492035404,1.0589575359552155
15.966796875,0.1858243492297214,0.07488359611010538,1.0272426518012423
16.015625,0.20255316688133046,0.07279272507451237,0.9998673646828615
16.064453125,0.22112169939110918,0.07110106094571339,0.9767134015717988
16.11328125,0.24169372460370675,0.06980999029162058,0.9577258237193901
16.162109375,0.26443990351930835,0.0689282831384176,0.9429169619010018
16.2109375,0.2895344732071835,0.06847320732212382,0.9323727224923377
16.259765625,0.3171503725335403,0.06847206207018956,0.9262618084990605
16.30859375,0.34745225465760526,0.0689642532121389,0.9248485792083152
16.357421875,0.380586674976691,0.0700040725808696,0.9285104989360178
16.40625,0.4166685366767431,0.07166439105672602,0.9377614090334854
16.455078125,0.45576262708122317,0.07404152908147224,0.9532821837447714
16.50390625,0.4978587962134408,0.07726162465944461,0.9759606800014495
16.552734375,0.542839047955102,0.0814888472007944,1.006943167692146
16.6015625,0.5904346165783763,0.0869357717265773,1.0476994478840473
16.650390625,0.6401711635658252,0.09387602459584776,1.10010321575397
16.69921875,0.6913008970006058,0.10265876476626859,1.1665271100119494
16.748046875,0.7427223154505381,0.11372334072999078,1.2499468478440188
16.796875,0.7928924526598226,0.1276100537929443,1.3540383677605827
16.845703125,0.8397444655945964,0.1449586788073851,1.4832322279461525
16.89453125,0.8806368523524475,0.16647974938699422,1.642656094278179
16.943359375,0.912380037684409,0.19287532667938237,1.837846747169971
16.9921875,0.931407532900429,0.22468034238736473,2.0740563315550604
17.041015625,0.9341680417923656,0.26200365115749596,2.3549505657519787
17.08984375,0.9177823847077498,0.3041874684612068,2.6805850077788076
17.138671875,0.8808997856683928,0.3494864355915376,3.044872593453748
17.1875,0.8245028072305022,0.3949645228156763,3.4333674608088534
17.236328125,0.7522498860118447,0.4368227217409887,3.822811149991933
17.28515625,0.6700034631166513,0.4711954648917382,4.183806546313057
17.333984375,0.5845723625398741,0.4951357400654503,4.486606666777539
17.3828125,0.5021793998946098,0.507315160546006,4.707930408314605
17.431640625,0.4273270158486725,0.5081220516633339,4.835751624419706
17.48046875,0.3624262115412721,0.49922058021872723,4.870221664715592
17.529296875,0.3080862394513576,0.4828932669146091,4.821169350116213
17.578125,0.2637117110916948,0.46147189312594367,4.704046375359098
17.626953125,0.2280915367127416,0.4369915350561612,4.536101487830048
17.67578125,0.1998268750393739,0.4110544946053089,4.333691063101401
17.724609375,0.17758012230804823,0.38483023579207803,4.110831142947409
17.7734375,0.16018862368496364,0.35911990649497827,3.8786962755929535
17.822265625,0.14669603342979978,0.33443872420268206,3.64569557474028
17.87109375,0.1363418478921389,0.3110927320379489,3.4178314248556174
17.919921875,0.1285341533143911,0.28924134680026176,3.199151752008841
17.96875,0.12281886579326003,0.2689447365679099,2.992192691850532
18.017578125,0.11885147582415971,0.25019813911018335,2.798364932666539
18.06640625,0.11637338902844309,0.23295599790401103,2.6182693542043696
18.115234375,0.11519307959861237,0.2171485798009088,2.45194395376285
18.1640625,0.11517150834386568,0.2026932199519412,2.2990510324961506
18.212890625,0.1162110386671573,0.18950180838132652,2.159015593108562
18.26171875,0.11824710513752934,0.17748568305154042,2.031125449232022
18.310546875,0.12124199748898487,0.16655875553750324,1.9146021326026024
18.359375,0.1251802476212821,0.15663944368039742,1.8086500027609222
18.408203125,0.13006521997464882,0.14765180967788952,1.712489391533313
18.45703125,0.13591659755178537,0.1395261787124442,1.625378253528343
18.505859375,0.14276852637549134,0.1321994278498861,1.546625698593491
18.5546875,0.15066823283030206,0.12561507726794333,1.475599922093753
18.603515625,0.15967496431722852,0.11972327600406805,1.4117323887395647
18.65234375,0.16985912681987883,0.11448074910421085,1.3545196361789063
18.701171875,0.18130150545201476,0.10985075410211634,1.303523704666848
18.75,0.1940924573294571,0.10580308930244796,1.2583719379602705
18.798828125,0.20833096090947514,0.10231418307271531,1.2187567237551291
18.84765625,0.22412339245576257,0.0993673001199288,1.184435620135906
18.896484375,0.2415818781331719,0.09695289797143622,1.1552322458404432
18.9453125,0.260822038612149,0.09506917089949425,1.1310382798923913
18.994140625,0.2819599007717491,0.0937228289296227,1.111816913410275
19.04296875,0.3051076968272137,0.09293016963432928,1.0976081289794493
19.091796875,0.3303682037089825,0.09271850705908694,1.088536227186366
19.140625,0.3578271944684365,0.0931280465687986,1.0848200970642012
19.189453125,0.38754348035444813,0.09421430036253751,1.0867868004134684
19.23828125,0.41953592277780827,0.09605115004118416,1.0948891187430307
19.287109375,0.45376670217207277,0.09873466712859218,1.1097277456512225
19.3359375,0.4901200736370912,0.10238776359906707,1.132078739507292
19.384765625,0.5283758698110944,0.10716566719902564,1.162926575548049
19.43359375,0.5681772227175865,0.11326202863845704,1.2035024411023882
19.482421875,0.6089925245788809,0.12091509516968736,1.25532597337469
19.53125,0.6500727774751096,0.13041272957963684,1.3202459066943992
19.580078125,0.6904075436956104,0.14209393104326892,1.4004702913137685
19.62890625,0.7286861306325981,0.1563428186624203,1.4985690418580382
19.677734375,0.7632757817120309,0.1735687148288727,1.6174196804825525
19.7265625,0.7922353722500863,0.19416349964916152,1.760051310923922
19.775390625,0.8133899945903968,0.2184261560822707,1.929325340166919
19.82421875,0.824494902010443,0.2464474087896116,2.1273841228474715
19.873046875,0.823509182302244,0.277958970177421,2.3548210229648574
19.921875,0.8089709722484194,0.3121755926901584,2.609607123324668
19.970703125,0.7804129703371304,0.3476900196062735,2.885972526678887
20.01953125,0.738693714434749,0.3825024189366823,3.1736542652840214
20.068359375,0.6860876455057917,0.4142462814567453,3.458060349821109
20.1171875,0.626025614834344,0.4405945434489493,3.721760354092684
20.166015625,0.5625158494027096,0.4597242360853362,3.9471990239562995
20.21484375,0.499431602925814,0.47066249810047023,4.119860041299189
20.263671875,0.43991440122451436,0.4733869033411735,4.230762508467953
20.3125,0.38606421897649623,0.4686770693307114,4.277464313332756
20.361328125,0.33893584519567926,0.4578203950348366,4.2634697083427975
20.41015625,0.2987421327222879,0.44230089302932857,4.1965735531208415
20.458984375,0.2651329347582801,0.42355855848980245,4.086883319261294
20.5078125,0.2374526166372745,0.40284722009641777,3.945089249466325
20.556640625,0.21493165791519886,0.38117760160602343,3.7812469390182395
20.60546875,0.1968074661763091,0.35931693888055655,3.604088775565701
20.654296875,0.1823886646650587,0.3378181707744923,3.4207531436844474
20.703125,0.17108139851187995,0.31705980056636207,3.2367892443732584
20.751953125,0.16239335727725876,0.2972856409452125,3.0563149652074197
20.80078125,0.15592646479181235,0.2786394722783837,2.8822406099062916
20.849609375,0.15136496420063503,0.2611931034939893,2.716504464627607
20.8984375,0.1484626081216784,0.24496806360220563,2.560290996780708
20.947265625,0.1470307623818624,0.22995185822263228,2.414218756985063
20.99609375,0.14692814037479945,0.21610988896816136,2.278494669219919
21.044921875,0.14805231101244898,0.2033940466086963,2.153036485592864
21.09375,0.15033285229743026,0.1917488265624079,2.0375674668612307
21.142578125,0.15372591672881863,0.1811156273903375,1.9316880374693228
21.19140625,0.15820995210611566,0.1714357410739225,1.834929011601509
21.240234375,0.16378233600153877,0.162652411326226,1.7467904544220865
21.2890625,0.1704567099704451,0.1547122404787183,1.6667695935203604
21.337890625,0.17826082844166355,0.14756614907539936,1.5943805504790922
21.38671875,0.18723476165186215,0.1411700395744407,1.5291680929903655
21.435546875,0.1974293097681856,0.1354852774325433,1.4707171283064049
21.484375,0.20890449583733728,0.13047907222185515,1.418659275919248
21.533203125,0.22172800835818773,0.12612482796162058,1.3726775555261002
21.58203125,0.2359734602502931,0.1224025156553778,1.3325100002683228
21.630859375,0.25171831983619736,0.11929911438281583,1.297952837301161
21.6796875,0.26904135122328315,0.1168091666164927,1.2688637631185766
21.728515625,0.2880193761402287,0.11493548929237846,1.2451657578505981
21.77734375,0.3087231370932321,0.11369008554411042,1.2268518400800537
21.826171875,0.3312120034287227,0.11309530448794455,1.2139911341244474
21.875,0.35552721948958255,0.1131852970056886,1.2067366063761573
21.923828125,0.3816833517277462,0.11400781178278192,1.2053348126578727
21.97265625,0.4096575573719255,0.11562637120318146,1.2101379595176112
22.021484375,0.43937628553239416,0.11812283406011463,1.2216184883379944
22.0703125,0.4706990571315937,0.12160030411474379,1.2403861964690144
22.119140625,0.5033990930711255,0.12618623863435147,1.2672075175991417
22.16796875,0.537140833597318,0.13203543574224336,1.3030258836789812
22.216796875,0.5714549083544386,0.13933228128921388,1.348980870435839
22.265625,0.6057120019187433,0.14829117337536302,1.4064218401813864
22.314453125,0.6390984624504131,0.15915336778356928,1.476908702551605
22.36328125,0.6705985512539523,0.17217759390264845,1.5621879310378657
22.412109375,0.6989909327759588,0.18762080260020214,1.6641260485807574
22.4609375,0.7228700282337933,0.2057046864369423,1.7845761734801833
22.509765625,0.7407052131296502,0.22656397496316458,1.9251482355537295
22.55859375,0.7509505376965961,0.2501752376110456,2.086855263657172
22.607421875,0.7522116778794328,0.2762715509595586,2.2696251954560775
22.65625,0.7434621467900678,0.30425946011660593,2.4717100450019935
22.705078125,0.7242770650630163,0.333167690574697,2.6890963473660716
22.75390625,0.6950263119804815,0.3616646845889295,2.9151077043620126
22.802734375,0.6569545610601292,0.3881735048106006,3.1404453702842563
22.8515625,0.6120914031371082,0.4110818091621952,3.3538672884796914
22.900390625,0.5629864533805727,0.42900043908350916,3.5435180778118016
22.94921875,0.5123326281641057,0.44099215572915873,3.69864432679448
22.998046875,0.46258698277442906,0.4466970269239452,3.811214872018123
23.046875,0.4156932485011291,0.4463237202877985,3.876966759363581
23.095703125,0.3729588358719316,0.44052973474678175,3.895628524476266
23.14453125,0.3350761220039612,0.43024690097961193,3.870388886584542
23.193359375,0.3022371867825494,0.41650943891653797,3.806902228698475
23.2421875,0.27428358770560024,0.40032098493140855,3.7121722164256115
23.291015625,0.2508478678263539,0.3825721244166587,3.593570639808865
23.33984375,0.23146496063418423,0.3640027157976895,3.458118162976111
23.388671875,0.2156486921536458,0.3451960363043891,3.312044686146031
23.4375,0.20293802568341973,0.3265916026685836,3.1605842694631314
23.486328125,0.19292096520877866,0.3085065616544937,3.00793769393811
23.53515625,0.1852437730875056,0.2911591495298579,2.8573388775309105
23.583984375,0.17961149209809923,0.27469066109274404,2.7111752041156585
23.6328125,0.17578390649267794,0.2591843570864491,2.5711274476093275
23.681640625,0.17356954193123664,0.24468091323509478,2.4383082403868315
23.73046875,0.17281920536853157,0.23119061245069317,2.313387759190951
23.779296875,0.1734198488249473,0.21870273934793322,2.1967017493150953
23.828125,0.1752891050521439,0.20719269063383983,2.0883409104260005
23.876953125,0.17837059479290765,0.19662729174488666,1.9882228045894481
23.92578125,0.18262997366810174,0.18696873376083237,1.8961484490334093
23.974609375,0.18805162338431775,0.17817747119442778,1.8118460738665263
24.0234375,0.19463586613078673,0.1702143533434785,1.7350044708723082
24.072265625,0.20239657405609576,0.1630421969481914,1.6652981225298098
24.12109375,0.21135904669998637,0.15662696465279727,1.6024059901316057
24.169921875,0.22155803206671526,0.15093867639762967,1.5460255302745076
24.21875,0.2330357683366091,0.14595214897988434,1.495883222554289
24.267578125,0.24583992130329946,0.14164764403617508,1.4517426479341242
24.31640625,0.26002128667659735,0.13801148691512566,1.413410954211227
24.365234375,0.27563111613430796,0.13503670917989274,1.3807443872021767
24.4140625,0.29271791164215033,0.13272375884498058,1.3536534421079414
24.462890625,0.31132351473459313,0.13108132082553053,1.3321080894480188
24.51171875,0.3314782975979828,0.13012728113134917,1.3161434580430929
24.560546875,0.3531952435324082,0.12988986269555167,1.3058662884815493
24.609375,0.37646269020167283,0.13040895421902274,1.3014623977998208
24.658203125,0.40123550765558313,0.13173762646798007,1.3032053085631834
24.70703125,0.42742450644243446,0.1339438094724958,1.3114660486805958
24.755859375,0.45488393824430695,0.1371120354587247,1.3267239059603768
24.8046875,0.48339709034092887,0.14134507536858565,1.3495775454644716
24.853515625,0.5126602257833922,0.14676514317410297,1.3807553060647741
24.90234375,0.5422655362165038,0.15351413768170596,1.4211225696919163
24.951171875,0.5716844164063069,0.16175208238267008,1.4716827200864175
25.0,0.6002532981502295,0.17165253207366718,1.5335662537678794
25.048828125,0.6271655204163286,0.18339325333255332,1.6080000339930558
25.09765625,0.65147418858053,0.19714007873631995,1.6962456489709088
25.146484375,0.6721124143474353,0.21302171529831265,1.7994930011667347
25.1953125,0.6879381249748844,0.23109389944437034,1.9186940917103967
25.244140625,0.6978097570395586,0.2512932190329188,2.054325146641205
25.29296875,0.700695251375966,0.27338473020661364,2.2060766133654304
25.341796875,0.6958086928441126,0.2969131603568583,2.37249396828072
25.390625,0.6827568842361409,0.321173640983726,2.550628416040533
25.439453125,0.6616650952564247,0.3452212627168139,2.7357978457601977
25.48828125,0.6332435486506156,0.3679348184979637,2.9215849522660764
25.537109375,0.5987615650929644,0.38813616338469875,3.100182729261544
25.5859375,0.559918358244534,0.4047455486013162,3.2631176044935897
25.634765625,0.5186324342394995,0.41693483445973667,3.4022506514221913
25.68359375,0.4768003486854025,0.4242362437084147,3.5108336863018215
25.732421875,0.43608469791533094,0.4265788022080602,3.5843510374022594
25.78125,0.39777604912444237,0.4242505569521822,3.620943636569873
25.830078125,0.36274372985289605,0.41780806144982446,3.621356644149423
25.87890625,0.33146214547624114,0.40796499950911763,3.588498530487958
25.927734375,0.30408391819540764,0.39548819843518057,3.5267838877718343
25.9765625,0.2805301515743391,0.3811178517419093,3.441437591040329
26.025390625,0.26057609185675695,0.3655168652313919,3.3378892738761374
26.07421875,0.24392071490994613,0.3492461104092374,3.221322155838941
26.123046875,0.23023703954079744,0.33275878077144494,3.0963862900943915
26.171875,0.21920490148060767,0.3164067326952327,2.967053612992137
26.220703125,0.21052998236341375,0.30045303658362166,2.8365789842938267
26.26953125,0.20395313506540802,0.2850867416363797,2.707531138603738
26.318359375,0.1992534293791546,0.27043744190088553,2.5818635889052204
26.3671875,0.19624747361572903,0.25658838986545446,2.4610035291214465
26.416015625,0.1947867584161964,0.2435876656732311,2.345944203518053
26.46484375,0.1947541316737403,0.23145734455374073,2.2373320966943417
26.513671875,0.19606005848177305,0.22020083188976536,2.1355445038200167
26.5625,0.19863901663856795,0.2098086281083953,2.040755805084834
26.611328125,0.20244618643668655,0.20026280202377164,1.9529924507462222
26.66015625,0.20745447765379046,0.19154043642103705,1.8721775753765668
26.708984375,0.21365186968876773,0.18361627199685007,1.7981665904984525
26.7578125,0.22103900349372,0.1764647403807907,1.7307752199091948
26.806640625,0.22962694360279554,0.17006154410292385,1.6698013988941531
26.85546875,0.23943501716206064,0.16438490649570203,1.6150423172137316
26.904296875,0.25048862926972393,0.15941659286189275,1.5663077282193043
26.953125,0.26281694734025507,0.15514278449367755,1.5234304675850112
27.001953125,0.2764503400058247,0.1515548723159276,1.4862749758416418
27.05078125,0.2914174476128625,0.14865021774331363,1.454744474442909
27.099609375,0.3077417519441408,0.14643293077255695,1.428787328793864
27.1484375,0.3254375033179959,0.1449146927187661,1.4084030297630499
27.197265625,0.34450485572945144,0.14411565012319114,1.3936481254812956
27.24609375,0.3649240586453156,0.14406538962030524,1.3846423497388622
27.294921875,0.38664856283450927,0.14480398339235928,1.3815750745529654
27.34375,0.4095969254820978,0.14638307413511262,1.3847120908868193
27.392578125,0.4336434588813969,0.14886691450744088,1.3944025148697223
27.44140625,0.45860767427749327,0.15233322366516414,1.4110853403799841
27.490234375,0.4842427507577433,0.15687361893203985,1.4352947449013662
27.5390625,0.5102235367428978,0.16259325495090002,1.4676626447498007
27.587890625,0.5361349995315532,0.1696091159178101,1.508916155078662
27.63671875,0.5614626018857088,0.17804619327560925,1.5598664636322372
27.685546875,0.5855868065743242,0.18803053771510525,1.6213842034598294
27.734375,0.6077847396756096,0.1996779764383264,1.6943548202615013
27.783203125,0.6272428314478176,0.21307727654997258,1.7796060388716564
27.83203125,0.6430846955444868,0.22826687802788215,1.8777990851536361
27.880859375,0.6544181076436054,0.2452053500690956,1.9892770816835648
27.9296875,0.6604030559604801,0.2637376488510987,2.1138697793001127
27.978515625,0.6603388674159584,0.2835621461986913,2.250665313349322
28.02734375,0.6537622739009049,0.30420672284439804,2.3977776577289727
28.076171875,0.64054099908584,0.3250246645119781,2.552160368193677
28.125,0.6209415812858298,0.3452206279505142,2.7095354366507234
28.173828125,0.5956493770284657,0.3639117434560449,2.864508076159643
28.22265625,0.5657260405032356,0.38021899998873704,3.0109115618757056
28.271484375,0.5325050411560424,0.39337252882917684,3.142368280908619
28.3203125,0.4974440411624624,0.4028067264548831,3.252979854261356
28.369140625,0.4619662328670314,0.4082221311843418,3.3380027242760204
28.41796875,0.4273246391869144,0.4096009834109225,3.3943569654150716
28.466796875,0.3945133569045283,0.40717781172810935,3.4208635477855682
28.515625,0.3642333176095925,0.4013784321764987,3.418186957317475
28.564453125,0.33690505571722446,0.39274588252997067,3.388538359308908
28.61328125,0.3127124216135172,0.38186989983834474,3.3352398068071505
28.662109375,0.29165996077269624,0.36933048794377904,3.2622546901264426
28.7109375,0.27363039446672777,0.35565950789796386,3.1737651029355574
28.759765625,0.25843407927151096,0.3413193078078215,3.0738412581962082
28.80859375,0.2458471757591064,0.32669482587560555,2.9662160323224134
28.857421875,0.23563853769058343,0.3120949321749084,2.854155994631458
28.90625,0.22758703422971485,0.29775923890548117,2.7404094185224315
28.955078125,0.22149157131883532,0.2838675181829548,2.6272090912051267
29.00390625,0.21717597286660525,0.2705498144534006,2.5163098396157872
29.052734375,0.21449049002118803,0.2578961103061366,2.40904487010689
29.1015625,0.21331125288771544,0.24596496809672896,2.306389512625582
29.150390625,0.2135385734372181,0.23479092365667206,2.209024896516964
29.19921875,0.21509468883198501,0.22439063264843603,2.1173971516939956
29.248046875,0.2179213016177768,0.21476787172919506,2.031769914896726
29.296875,0.22197711258454825,0.2059175556807139,1.952269377300274
29.345703125,0.22723543564821805,0.19782893228491225,1.8789219984583942
29.39453125,0.23368191560359303,0.19048811749733868,1.8116855176305555
29.443359375,0.2413123263158746,0.18388010912221328,1.7504741232266812
29.4921875,0.25013039962509936,0.17799040200857733,1.6951787134404812
29.541015625,0.26014561750315135,0.17280630246241707,1.6456831539106178
29.58984375,0.27137088775673335,0.1683180276063616,1.6018773604786156
29.638671875,0.2838200142620979,0.16451965896196125,1.5636679372795736
29.6875,0.2975048650836944,0.1614099990406801,1.5309869885815282
29.736328125,0.3124321356340021,0.1589933790414478,1.5037996273865033
29.78515625,0.3285995999041297,0.15728044656472615,1.4821105940705628
29.833984375,0.3459917424623249,0.15628894830761955,1.4659703082062228
29.8828125,0.3645746702280364,0.15604451858234467,1.455480570599967
29.931640625,0.3842902205511797,0.1565814500529243,1.4508000164677493
29.98046875,0.40504921731454085,0.15794340821307823,1.4521492861886487
30.029296875,0.4267238887068094,0.16018400591049298,1.4598156850952277
30.078125,0.44913956094434676,0.16336710206095578,1.4741568610033176
30.126953125,0.4720658963033817,0.16756661733661793,1.4956026757338903
30.17578125,0.4952081677113132,0.17286555586327332,1.524653982617538
30.224609375,0.5181993707852409,0.17935381078948295,1.56187640509084
30.2734375,0.5405943740495714,0.18712418927199265,1.6078864347454418
30.322265625,0.5618677848572124,0.19626597070895205,1.6633263005296202
30.37109375,0.5814177088499368,0.20685525428797338,1.7288231873530666
30.419921875,0.5985779862367454,0.2189414266027961,1.8049278412668788
30.46875,0.6126415924818761,0.23252944964257236,1.8920278680505198
30.517578125,0.6228973940233394,0.24755843277265427,1.9902328890342467
30.56640625,0.6286810021997405,0.26387826387801294,2.0992331188703033
30.615234375,0.6294378058873417,0.2812278351028294,2.2181406676533304
30.6640625,0.6247924444932812,0.29922027994118516,2.345333929946224
30.712890625,0.6146146809888365,0.3173418656175847,2.478338005046973
30.76171875,0.5990682914893671,0.33497068338787517,2.613783794876339
30.810546875,0.5786291501655292,0.35141815904103946,2.7474886354517882
30.859375,0.5540627428995861,0.3659907288887447,2.874685764771777
30.908203125,0.5263598991404712,0.3780622948944485,2.990397191878037
30.95703125,0.4966402590979724,0.38714312762659703,3.0899022068575377
31.005859375,0.46604182898020996,0.39293033217848894,3.1692178578832504
31.0546875,0.4356181551560818,0.39532965865739916,3.2254953580613743
31.103515625,0.40626092351844173,0.39444643790777045,3.257255412349475
31.15234375,0.37865716186925386,0.3905513823790103,3.2644287462191603
31.201171875,0.3532805951174941,0.3840318578152691,3.248217417017708
31.25,0.33040959243633844,0.3753399679902787,3.2108292836823824
31.298828125,0.3101611120123653,0.36494629458500266,3.155152681718072
31.34765625,0.2925306214159612,0.3533042553139332,3.084432396800387
31.396484375,0.277430604992271,0.34082641363139077,3.001989824199678
31.4453125,0.2647234009622679,0.3278715997526192,2.9110090854530046
31.494140625,0.2542467385589564,0.3147404728555281,2.8143932707705006
31.54296875,0.2458320944668226,0.3016769061230076,2.7146834858354363
31.591796875,0.23931690492229182,0.28887289174538316,2.614027812348883
31.640625,0.23455198355768375,0.27647519547749017,2.5141860859565313
31.689453125,0.2314054519031885,0.26459254725757286,2.416557766210505
31.73828125,0.22976428003661567,0.2533026140430665,2.322222695131052
31.787109375,0.22953427931244266,0.24265834534629327,2.2319872658479714
31.8359375,0.230639150474983,0.23269351316271103,2.1464309634118255
31.884765625,0.23301899411434093,0.22342741393035745,2.06595018420394
31.93359375,0.23662854069539593,0.21486878516389718,1.9907976703752577
31.982421875,0.24143524888230145,0.20701902184693935,1.9211168930220401
32.03125,0.24741734494516046,0.1998748024056983,1.8569713428515457
32.080078125,0.2545618241126466,0.19343022534179138,1.7983690718192302
32.12890625,0.26286239967764063,0.18767855536273956,1.7452830178582734
32.177734375,0.27231736191592604,0.1826136628141814,1.6976677273042693
32.2265625,0.2829272926603018,0.17823122821738072,1.6554730883201452
32.275390625,0.29469257021698086,0.17452977382224782,1.6186556537013264
32.32421875,0.3076105918022398,0.17151156799356235,1.5871880596044396
32.373046875,0.3216726365920733,0.16918343963708818,1.561066975879288
32.421875,0.33686029232034315,0.1675575286737253,1.5403199388877817
32.470703125,0.3531413737469321,0.16665197756050593,1.5250113237764513
32.51953125,0.37046527494729353,0.16649156588674552,1.5152476159998882
32.568359375,0.3887577231708953,0.16710825411178795,1.5111820241322393
32.6171875,0.40791494550950014,0.16854158916500425,1.5130183334595046
32.666015625,0.427797327850017,0.17083887523940913,1.52101371376901
32.71484375,0.4482227473064969,0.17405497924446486,1.5354799678979298
32.763671875,0.46895990358663503,0.17825156415177337,1.556782391370367
32.8125,0.4897221702453956,0.18349548581170605,1.585335032808284
32.861328125,0.5101627368710054,0.18985599365751105,1.6215906732363743
32.91015625,0.5298721110010454,0.19740031351113185,1.6660233107431612
32.958984375,0.5483793665129916,0.20618713912268233,1.719100420236288
33.0078125,0.565158803379199,0.2162575968200408,1.7812418987694698
33.056640625,0.5796438166927792,0.2276234254515635,1.8527626655039615
33.10546875,0.5912496045058688,0.24025250226166295,1.933796744225915
33.154296875,0.5994056809353988,0.2540525342111486,2.024202832761547
33.203125,0.603597824179287,0.2688547057941974,2.1234553175280007
33.251953125,0.6034170162942818,0.2844002278624829,2.2305306491882035
33.30078125,0.5986103209459512,0.30033374286374936,2.3438064191888963
33.349609375,0.589126082207846,0.3162078747215404,2.4609976598402774
33.3984375,0.5751442812086021,0.33150230300099204,2.579158742438445
33.447265625,0.5570834483945191,0.34565823059187195,2.694775984775892
33.49609375,0.5355788725819227,0.3581253045606782,2.80396289415641
33.544921875,0.5114326324421413,0.36841403709421044,2.9027475686245663
33.59375,0.48554261255575876,0.3761441649135797,2.987415749766851
33.642578125,0.4588228106938572,0.38107953143132794,3.054852862816148
33.69140625,0.4321289090345312,0.3831431980804791,3.1028231207700054
33.740234375,0.4062007145944359,0.3824114601068564,3.1301368743851223
33.7890625,0.3816278303109351,0.3790903250998059,3.136684336239115
33.837890625,0.35883896129407633,0.3734811712977368,3.1233443760332973
33.88671875,0.3381106006814467,0.3659430206848021,3.0918008166472863
33.935546875,0.3195884964207494,0.35685758754867486,3.044309637457301
33.984375,0.3033151836407159,0.3466009587334139,2.983458805603796
34.033203125,0.28925820307928396,0.33552341841976757,2.9119523237896403
34.08203125,0.2773355104129638,0.32393713926165707,2.832436912490035
34.130859375,0.2674363448692833,0.31211043838582364,2.7473776997082457
34.1796875,0.2594371377982451,0.30026690560003444,2.658980575606057
34.228515625,0.2532128432910167,0.28858777121779355,2.569153865702586
34.27734375,0.2486444528635984,0.27721615370582653,2.4795000436819548
34.326171875,0.2456235508264944,0.26626217945494424,2.39132836352877
34.375,0.24405470051277414,0.2558082854679174,2.3056805544265777
34.423828125,0.24385631413173872,0.24591428521750733,2.2233634407998704
34.47265625,0.2449605060032223,0.23662196650475364,2.144984042304362
34.521484375,0.24731228888953713,0.22795912807649082,2.070984184332925
34.5703125,0.25086835746702724,0.2199430400729879,2.0016728094229306
34.619140625,0.2555956132018646,0.21258336520797586,1.9372550351456808
34.66796875,0.2614695181515473,0.20588460045269907,1.8778575994023632
34.716796875,0.26847231701152413,0.19984810802508968,1.8235507155910338
34.765625,0.2765911325199925,0.19447380517774557,1.7743665883184878
34.814453125,0.2858159155150868,0.18976157566878044,1.7303149623450822
34.86328125,0.2961372145927722,0.18571246129226926,1.691396119459859
34.912109375,0.3075437196821635,0.18232967897063024,1.6576117348047799
34.9609375,0.32001952803498157,0.17961949847659622,1.6289739717728025
35.009765625,0.3335410799167929,0.17759200972020994,1.6055131363772328
35.05859375,0.3480737156072881,0.17626179301794773,1.5872841471045487
35.107421875,0.36356781670051797,0.17564848818478795,1.5743719881557865
35.15625,0.3799545157181399,0.17577725153308923,1.5668962238929744
35.205078125,0.3971409923271477,0.1766790543590228,1.5650145317663344
35.25390625,0.41500542645859595,0.17839076352052227,1.5689250661132188
35.302734375,0.43339175370251976,0.18095490094333705,1.5788672956624241
35.3515625,0.4521044721188821,0.18441893683037433,1.5951207254141784
35.400390625,0.47090388635169966,0.1888339335688363,1.6180006568969718
35.44921875,0.4895023460229074,0.19425229336171304,1.647849818440017
35.498046875,0.5075622348471744,0.20072432466987192,1.6850243640993516
35.546875,0.5246966763861559,0.20829332134572265,1.7298724191435582
35.595703125,0.5404741045578544,0.21698887485368812,1.7827031483487659
35.64453125,0.5544279381679865,0.22681825152870014,1.843744395773632
35.693359375,0.5660725068908037,0.23775592044852117,1.9130874963994502
35.7421875,0.5749259873327599,0.24973172765502916,1.9906192171933168
35.791015625,0.5805403127253781,0.2626188146668257,2.07594317393194
35.83984375,0.5825367654000384,0.27622309498605957,2.168296678156534
35.888671875,0.5806443256041987,0.2902767879640414,2.2664735464472257
35.9375,0.5747361174843227,0.3044388652681542,2.3687681109986185
35.986328125,0.5648579757752322,0.3183049792092203,2.4729589374482717
36.03515625,0.551242902617888,0.33142821742359097,2.5763504022652937
36.083984375,0.5343065324647379,0.3433498832780409,2.675884380062333
36.1328125,0.5146217722680764,0.35363690046939106,2.7683222608926985
36.181640625,0.492874947568798,0.361920173375426,2.8504813616384834
36.23046875,0.46980985532975106,0.3679272874284671,2.9194941102654917
36.279296875,0.44616872167787425,0.3715038044031409,2.9730490035327644
36.328125,0.42263928048909627,0.372619930349201,3.009573445899371
36.376953125,0.3998150452541736,0.3713626471857577,3.028330543001146
36.42578125,0.3781722496619656,0.36791630809329073,3.0294206801996157
36.474609375,0.3580631870020658,0.36253642988381835,3.013697923404647
36.5234375,0.3397228739270146,0.35552163320456504,2.982625196523544
36.572265625,0.32328459664073356,0.34718776543426255,2.938098016657264
36.62109375,0.30879986229968687,0.3378467464245669,2.8822647756246416
36.669921875,0.2962591156388615,0.32779117663768265,2.81736479680855
36.71875,0.28561076698173327,0.3172845797572947,2.7455968138289193
36.767578125,0.2767772168508895,0.30655645824295097,2.669022624572753
36.81640625,0.2696674450627862,0.2958010348902542,2.589504767440378
36.865234375,0.2641863052337039,0.2851785558463152,2.5086735101183613
36.9140625,0.2602409685887718,0.2748181810217134,2.4279168738148105
36.962890625,0.2577450690914652,0.2648217051655751,2.3483872808872324
37.01171875,0.25662109041926595,0.25526757292806507,2.2710191163475653
37.060546875,0.2568014628295863,0.24621483260455537,2.1965525773389034
37.109375,0.2582287436276729,0.23770682522409584,2.1255603322988996
37.158203125,0.2608551613135014,0.2297744966729354,2.0584745529937085
37.20703125,0.26464172141318754,0.22243930452667518,1.9956127506576486
37.255859375,0.26955700506122043,0.2157157187786217,1.937201499548146
37.3046875,0.27557573944454417,0.20961335585898624,1.8833976136701434
37.353515625,0.28267718022091226,0.20413878316012804,1.8343066654633335
37.40234375,0.2908433176035624,0.19929704217509847,1.7899989398265108
37.451171875,0.3000568977235756,0.19509293763365818,1.7505230355605523
37.5,0.31029923755647254,0.19153212885881105,1.7159173812780215
37.548828125,0.32154780397372196,0.18862205662225462,1.6862199394196586
37.59765625,0.33377352503855334,0.18637273135421528,1.661476356000208
37.646484375,0.3469378048869955,0.1847973939551094,1.6417467639284462
37.6953125,0.36098922326310956,0.18391305042857864,1.6271113971151157
37.744140625,0.3758599189129348,0.18374087080107263,1.6176750827615167
37.79296875,0.3914616848169323,0.18430641635064593,1.61357059657182
37.841796875,0.40768184572305194,0.18563964854273746,1.6149607412397535
37.890625,0.4243790480363697,0.18777463647235632,1.6220388760968376
37.939453125,0.44137917187420145,0.1907488616122773,1.6350274510458171
37.98828125,0.458471677318375,0.19460197167734608,1.6541739096742059
38.037109375,0.4754068207540778,0.19937381366612034,1.6797430994677371
38.0859375,0.49189431698271213,0.20510154880130085,1.7120051132156764
38.134765625,0.5076041640354645,0.21181563678605475,1.7512172846380933
38.18359375,0.5221704633768248,0.2195345247706882,1.7975989813380513
38.232421875,0.5351991157048854,0.2282579455345245,1.8512979381882133
38.28125,0.5462801917292641,0.23795892896252263,1.9123473434949083
38.330078125,0.5550054976324947,0.24857490268259597,1.9806138582398887
38.37890625,0.560991309820021,0.259998662403224,2.0557384137141055
38.427734375,0.5639054126631309,0.2720704622225129,2.1370740318077766
38.4765625,0.5634964832758987,0.28457292549054763,2.223627911757291
38.525390625,0.5596226961586347,0.2972307233273816,2.314018118297449
38.57421875,0.5522754705570899,0.3097168502997305,2.406457445351489
38.623046875,0.541593947704573,0.3216665946370888,2.498777144636768
38.671875,0.5278664218332544,0.33269903757893593,2.588499971615629
38.720703125,0.5115166960501082,0.34244418816791056,2.6729648688347862
38.76953125,0.49307595124232095,0.35057227211682535,2.749495408447448
38.818359375,0.47314356277418756,0.35682070482336814,2.8155932610167573
38.8671875,0.4523425256554246,0.36101437999476654,2.869129914949871
38.916015625,0.431276040256521,0.363076177026492,2.9085077211625885
38.96484375,0.4104911131952907,0.36302660919092844,2.932766345373148
39.013671875,0.39045305685098053,0.36097369647724264,2.9416215041509557
39.0625,0.37153224163854,0.35709577958774696,2.9354360535699584
39.111328125,0.35400214562083715,0.35162070951086355,2.9151351253161155
39.16015625,0.3380461930537185,0.34480471805939183,2.882084281211394
39.208984375,0.3237702430491058,0.3369134816173126,2.8379516152490507
39.2578125,0.3112177349803796,0.32820687430283335,2.7845722972015503
39.306640625,0.3003851160296175,0.3189279526370512,2.723828977559558
39.35546875,0.2912359621949218,0.3092959821340093,2.6575557100151563
39.404296875,0.28371293653496316,0.2995029070658879,2.5874679170091586
39.453125,0.27774729453268526,0.2897124740795036,2.515117175027042
39.501953125,0.2732660191963943,0.2800612232574661,2.441867339937662
39.55078125,0.27019687254199637,0.2706606751375543,2.3688875404281364
39.599609375,0.2684717298320395,0.2616001666193719,2.297157492253022
39.6484375,0.2680285638062655,0.2529499490818765,2.2274810587705742
39.697265625,0.26881240406101886,0.24476428458081856,2.1605047046859704
39.74609375,0.2707755372195208,0.23708437238765892,2.0967382901138207
39.794921875,0.273877151420976,0.22994101733473327,2.0365763615222843
39.84375,0.2780825724005302,0.2233570061751846,1.9803187224235876
39.892578125,0.2833621909983428,0.21734918485452093,1.9281895367545074
39.94140625,0.2896901441811029,0.21193025141399344,1.8803545847992573
39.990234375,0.2970427827619551,0.2071102927089803,1.8369365221627008
40.0390625,0.30539693789197614,0.20289809404020176,1.7980281702963579
40.087890625,0.31472798385502315,0.19930225459700335,1.763703950840155
40.13671875,0.3250076860777347,0.19633212576754316,1.7340296265689459
40.185546875,0.3362018200101773,0.19399859806544104,1.7090705206070125
40.234375,0.34826754898453377,0.19231474354543202,1.6888983612032866
40.283203125,0.36115055782628325,0.19129632013648665,1.6735968682166302
40.33203125,0.3747819550512655,0.1909621153310742,1.6632661284606056
40.380859375,0.38907498165143745,0.19133411746710516,1.6580257453191674
40.4296875,0.4039216006354395,0.19243745766222098,1.6580166408170807
40.478515625,0.41918909064952276,0.19430007121866663,1.6634012881758373
40.52734375,0.4347168310661516,0.196951984845661,1.6743620199405886
40.576171875,0.45031354504581267,0.2004241254518085,1.6910969036726806
40.625,0.46575535968780224,0.20474652127363324,1.7138125396967263
40.673828125,0.48078514227894975,0.20994575432154516,1.7427129692336298
40.72265625,0.4951136665503158,0.21604152907888047,1.7779837979112056
40.771484375,0.5084232318856996,0.2230422568253415,1.8197706087776326
40.8203125,0.520374370276286,0.23093963036024573,1.8681509049343197
40.869140625,0.5306161896790645,0.2397023124414743,1.923099230474322
40.91796875,0.5388006724276522,0.24926906586661657,1.9844459071384994
40.966796875,0.5446008345905708,0.2595419457421637,2.051831066775682
41.015625,0.5477320435321646,0.27038047476443255,2.124657376838708
41.064453125,0.5479750264105996,0.28159804465038984,2.2020469105618754
41.11328125,0.5451982960054903,0.29296189738430617,2.2828096641849034
41.162109375,0.5393770696349883,0.3041979774334325,2.365432626525038
41.2109375,0.5306055114118973,0.31500142810315346,2.4480983065371897
41.259765625,0.5190995164259937,0.3250526652837995,2.5287394141169584
41.30859375,0.5051883769479592,0.3340378201414296,2.6051316677979335
41.357421875,0.48929540028973656,0.34167121935726263,2.6750199140290496
41.40625,0.4719095120287154,0.3477168251531997,2.736265306421396
41.455078125,0.4535515495689873,0.35200545280330875,2.7869953418088085
41.50390625,0.4347398396844233,0.35444527564377426,2.825736131425369
41.552734375,0.4159595090044228,0.35502437801853665,2.851508484997243
41.6015625,0.3976388925211142,0.3538056224092244,2.863875803699884
41.650390625,0.38013476646195316,0.35091536679461727,2.862940547705831
41.69921875,0.3637264383920146,0.34652833220009793,2.8492946959838528
41.748046875,0.3486173978149619,0.34085108452734775,2.823935977385643
41.796875,0.3349424786076353,0.33410623311321586,2.7881646584085877
41.845703125,0.3227783080890149,0.3265188247313276,2.7434753483576118
41.89453125,0.31215506765167444,0.31830570703477334,2.6914556020527045
41.943359375,0.3030680676526193,0.3096680359153236,2.6336992468005516
41.9921875,0.29548816942912665,0.300786684180182,2.57173847108776
42.041015625,0.2893705548770901,0.2918200645883166,2.5069954632774523
42.08984375,0.28466169555796933,0.28290380402662146,2.4407521234794642
42.138671875,0.281304601777626,0.27415171658165716,2.3741350566735555
42.1875,0.2792425560591726,0.2656576090267885,2.3081125560219693
42.236328125,0.27842158331794575,0.2574975462805672,2.2435003070481034
42.28515625,0.27879190891193106,0.24973229627833043,2.1809729325113683
42.333984375,0.2803086278832947,0.24240977935848235,2.1210790005497198
42.3828125,0.2829317690620589,0.23556738812831884,2.0642576801482853
42.431640625,0.2866258962545329,0.22923412756967565,2.010855723271193
42.48046875,0.291359350462277,0.22343252699321683,1.9611438909518348
42.529296875,0.2971032045674623,0.21818033237637288,1.915332258148899
42.578125,0.3038299757809425,0.21349197876745307,1.8735841126519406
42.626953125,0.31151212139459966,0.20937985649096022,1.8360283068062653
42.67578125,0.3201203294041765,0.20585539540603437,1.8027700658693424
42.724609375,0.3296216071110863,0.20292997954227643,1.7739003013422747
42.7734375,0.339977167560796,0.20061570434164458,1.7495035244973274
42.822265625,0.35114011591525723,0.19892598611462423,1.7296644385033615
42.87109375,0.3630529457999381,0.1978760163236924,1.714473282305396
42.919921875,0.3756448704069334,0.19748306032531357,1.7040299413453948
42.96875,0.38882903560846566,0.1977665598640386,1.6984467952804962
43.017578125,0.40249969372661176,0.19874802209921535,1.6978501933834134
43.06640625,0.41652945826650234,0.20045062464294985,1.7023803528630395
43.115234375,0.43076681216530277,0.20289848256612966,1.7121893985009566
43.1640625,0.44503410451321074,0.20611548129688623,1.7274371226635021
43.212890625,0.4591263404861981,0.21012358983381627,1.748283966618212
43.26171875,0.4728111401717327,0.21494055226317865,1.7748806237646422
43.310546875,0.48583030340029043,0.22057687036212298,1.8073536207145457
43.359375,0.49790345235613304,0.2270320360743842,1.845786285697765
43.408203125,0.5087342084070215,0.23429003444106572,1.8901946900173807
43.45703125,0.518019265454284,0.24231425843852836,1.9404985494974036
43.505859375,0.525460519627682,0.25104214416406334,1.9964877254887528
43.5546875,0.5307800828429324,0.2603800437076051,2.0577859566109016
43.603515625,0.5337375455457797,0.2701990553839533,2.123814715112997
43.65234375,0.5341482990190142,0.2803327402146362,2.1937615363428575
43.701171875,0.5319011664740583,0.29057770948315986,2.2665585027374338
43.75,0.5269731619550996,0.30069795489123324,2.340877379744336
43.798828125,0.5194390609020734,0.31043343872093937,2.415147671738766
43.84765625,0.5094737696136364,0.3195128217058695,2.487602103198856
43.896484375,0.497346279551534,0.32766943637016066,2.5563506197521595
43.9453125,0.48340520018916255,0.3346588288124512,2.619479233849385
43.994140625,0.46805724035764196,0.34027566084676875,2.6751648898722817
44.04296875,0.4517412126527415,0.3443676677734365,2.72179333214499
44.091796875,0.43490084329838796,0.3468447830475735,2.758065062416295
44.140625,0.417959693986327,0.3476823690489839,2.78307565803842
44.189453125,0.4013008667747817,0.3469185284476033,2.7963608279102505
44.23828125,0.3852530859957193,0.34464641424638354,2.7979025240455466
44.287109375,0.3700835497262154,0.34100309170219417,2.7880986477057914
44.3359375,0.35599691279363443,0.336156736593616,2.7677038755727645
44.384765625,0.34313908687918204,0.33029382567398813,2.7377519859109927
44.43359375,0.33160426630890355,0.3236075852272594,2.699470561662964
44.482421875,0.321443644603261,0.31628847331372706,2.6541976114536165
44.53125,0.31267455647647213,0.3085170273829035,2.6033071563524612
44.580078125,0.3052891387808983,0.3004590299235564,2.5481480335638005
44.62890625,0.2992619573537139,0.2922627331864152,2.489997606675014
44.677734375,0.29455633949954607,0.28405774992294264,2.430030088030894
44.7265625,0.2911293635035567,0.27595519827369724,2.3692978942340512
44.775390625,0.2889355896579682,0.2680487171440141,2.308723765007927
44.82421875,0.2879296867698013,0.26041603439694255,2.249101182933573
44.873046875,0.28806813207459775,0.25312082098154576,2.191100752257417
44.921875,0.28931015756462397,0.24621466695578115,2.135280501758982
44.970703125,0.2916180951089344,0.23973902615671258,2.0820984580957482
45.01953125,0.2949572455404412,0.2337270691807632,2.031926226291263
45.068359375,0.29929536877542073,0.22820538486153066,1.985062664782636
45.1171875,0.30460186643048504,0.2231955121670189,1.9417470267367214
45.166015625,0.31084670678236126,0.21871529509647983,1.902171184660845
45.21484375,0.317999125033098,0.21478006283463844,1.866490712177762
45.263671875,0.32602611964191913,0.2114036457202365,1.8348347279015988
45.3125,0.3348907582462162,0.20859923045263687,1.8073144745257819
45.361328125,0.344550304040183,0.20638006580138635,1.784030649874519
45.41015625,0.3549541759508407,0.20476001574026656,1.7650795198904738
45.458984375,0.36604176371480696,0.2037539598583617,1.7505578356152909
45.5078125,0.37774013262317535,0.2033780293751105,1.740566539041299
45.556640625,0.3899616730393708,0.20364964993960474,1.7352132103301505
45.60546875,0.40260177744246245,0.20458736577398742,1.734613147888149
45.654296875,0.41553666311456977,0.20621039866144675,1.7388888950583297
45.703125,0.4286215015290842,0.2085378852504173,1.748167972817596
45.751953125,0.4416890645356002,0.211587727757844,1.7625784781471785
45.80078125,0.4545491494056717,0.21537499224421505,1.7822421592695432
45.849609375,0.4669890934616657,0.21990978807784808,1.8072645257794964
45.8984375,0.47877572477162644,0.22519458014856897,1.8377215587765325
45.947265625,0.48965910443379773,0.23122093430197818,1.873642673170141
45.99609375,0.49937838041708493,0.23796574738338921,1.9149897925624015
46.044921875,0.5076699725301823,0.2453871297614093,1.961632762609546
46.09375,0.5142781251480215,0.2534202196716862,2.0133219090611107
46.142578125,0.5189675885259016,0.2619733779843542,2.0696593291092693
46.19140625,0.5215378295973374,0.2709253454236077,2.1300714669707577
46.240234375,0.5218377642761175,0.28012406437614534,2.193786525597391
46.2890625,0.5197796145208998,0.28938788019865486,2.259821142507922
46.337890625,0.5153502228963626,0.29850971031836654,2.3269811128404316
46.38671875,0.5086181150506386,0.3072644672977625,2.393880533868327
46.435546875,0.49973487367707004,0.31541956580581204,2.4589822302051325
46.484375,0.4889300003722486,0.3227477604307704,2.520659691057398
46.533203125,0.47649932348429863,0.3290410514675686,2.5772772910902955
46.58203125,0.4627879921683507,0.3341240129028505,2.6272819422938714
46.630859375,0.44816995231851003,0.33786486447655856,2.6692964544784807
46.6796875,0.43302631442184153,0.3401828862681471,2.702203614969684
46.728515625,0.4177250707550617,0.34105137095262544,2.725210850540015
46.77734375,0.40260420834447685,0.340496021942985,2.7378881796103554
46.826171875,0.38795952939017386,0.3385893903647598,2.7401763492916036
46.875,0.37403763790885286,0.3354424469123707,2.732366499476863
46.923828125,0.36103378231637456,0.33119458220985465,2.715056451093998
46.97265625,0.34909369665132345,0.3260033047813103,2.689091032471737
47.021484375,0.3383183085638949,0.32003464837670476,2.655494586238003
47.0703125,0.32877015384356945,0.31345499490435524,2.6154031007649894
47.119140625,0.32048048292382525,0.30642464197675484,2.5700018303209986
47.16796875,0.31345628108308043,0.29909320212159796,2.5204722517715457
47.216796875,0.30768668026097024,0.29159668080992074,2.4679502886696807
47.265625,0.30314846915904753,0.28405598722551795,2.413496110008929
47.314453125,0.2998105867012706,0.2765765723936701,2.358074687334727
47.36328125,0.2976376068477156,0.2692488993860967,2.3025455957585113
47.412109375,0.2965922966036359,0.2621494727219547,2.2476602487537525
47.4609375,0.296637364629466,0.25534221398074114,2.1940647353061626
47.509765625,0.29773652707756837,0.24888001155100872,2.142306585717058
47.55859375,0.29985501012677607,0.2428063155807923,2.0928440499535745
47.607421875,0.3029595929196859,0.23715670503911454,2.046056743814655
47.65625,0.3070182756815182,0.23196035757392466,2.0022568033220263
47.705078125,0.31199963899358846,0.22724140034024912,1.9616999253874492
47.75390625,0.317871943558355,0.22302012118258113,1.9245958656259041
47.802734375,0.32460200646385395,0.21931403519751844,1.8911181284670249
47.8515625,0.33215388018646347,0.21613880399128424,1.8614126880487163
47.900390625,0.3404873550116776,0.21350901300652117,1.8356056608157623
47.94921875,0.3495563040828355,0.2114388032500609,1.8138098889195162
47.998046875,0.3593068932329333,0.20994235979912934,1.7961304214948448
48.046875,0.3696756855333416,0.20903424108237864,1.7826688743306478
48.095703125,0.38058768340407884,0.20872955094197015,1.773526626547017
48.14453125,0.3919543695447346,0.20904391500014952,1.7688067943587371
48.193359375,0.4036718322504382,0.20999324546904233,1.768614857980021
48.2421875,0.41561909061075797,0.2115932523601637,1.7730577943103487
48.291015625,0.4276567700398266,0.21385865472719934,1.7822414842571406
48.33984375,0.4396263163285443,0.21680205019104568,1.7962661407011542
48.388671875,0.4513499737542801,0.2204323883366051,1.815219451031042
48.4375,0.4626317834684855,0.22475301786619445,1.8391671246142411
48.486328125,0.4732598741855982,0.2297592830736483,1.8681405802077506
48.53515625,0.48301030674024925,0.23543570682740791,1.9021216178476703
48.583984375,0.49165268418418695,0.24175283440682968,1.9410241449525985
48.6328125,0.49895763596724385,0.2486639137043524,1.9846733681607032
48.681640625,0.5047061188309154,0.25610167697858754,2.0327833556595003
48.73046875,0.5087002461309921,0.2639756128864833,2.0849345187540016
48.779296875,0.5107750752081128,0.2721701931084302,2.1405532590537626
48.828125,0.5108104819721008,0.2805445969789107,2.198896737197703
48.876953125,0.5087419887033823,0.2889344436605613,2.2590462070811017
48.92578125,0.5045692562446642,0.29715590130242164,2.3199124404771982
48.974609375,0.498360978296358,0.30501230822637365,2.3802562074277365
49.0234375,0.49025517324152396,0.3123030641721622,2.4387254501693048
49.072265625,0.4804543601864071,0.31883415311976465,2.4939086902711622
49.12109375,0.46921576830818923,0.3244292802987849,2.544401664701611
49.169921875,0.4568374383276386,0.3289403993928263,2.588881603571974
49.21875,0.44364167680563,0.3322563732039147,2.6261816779867053
49.267578125,0.42995767670753443,0.33430875996104714,2.655357387307815
49.31640625,0.41610514240094304,0.3350741442367114,2.6757374245852383
49.365234375,0.402380462863286,0.33457293993746084,2.6869536819249245
49.4140625,0.38904645418020917,0.33286510296156435,2.6889480943974604
49.462890625,0.3763260790034463,0.33004353847834567,2.6819572460843926
49.51171875,0.36439998389438194,0.3262261743308592,2.666478416876192
49.560546875,0.35340727402948385,0.32154764832932015,2.6432225397258144
49.609375,0.3434487106812667,0.3161514235814288,2.6130601746288655
49.658203125,0.33459146033716297,0.31018289320253983,2.576966274605112
49.70703125,0.3268746015682073,0.303783801858271,2.5359684175469344
49.755859375,0.32031475114751345,0.297088085113312,2.491101777408995
49.8046875,0.31491135359076483,0.29021907115683937,2.4433726557189352
49.853515625,0.3106513514937611,0.2832878736078122,2.393731131233509
49.90234375,0.30751309697264223,0.27639275676081787,2.343052449956067
49.951171875,0.3054694694869638,0.2696192555225294,2.2921261605297603
50.0,0.3044902340811472,0.2630408188407726,2.241651674667874
50.048828125,0.30454371264521574,0.25671981214975825,2.192238842093394
50.09765625,0.3055978569739763,0.25070871537266676,2.144412207343219
50.146484375,0.30762081381467826,0.2450514175566418,2.098617753114676
50.1953125,0.3105810645906381,0.23978451095473566,2.0552311571896666
50.244140625,0.31444721073158916,0.23493854485130475,2.0145667833606424
50.29296875,0.31918746268841114,0.23053918949927593,1.9768868207308363
50.341796875,0.32476887876947813,0.22660829502801813,1.9424101535751797
50.390625,0.3311563899621539,0.22316483087010897,1.911320672329925
50.439453125,0.3383116399958421,0.22022569719420995,1.8837748390767515
50.48828125,0.34619166606880075,0.21780641050058727,1.859908384211227
50.537109375,0.3547474455068077,0.21592164985343656,1.8398420656446102
50.5859375,0.3639223373073354,0.21458566758082342,1.8236864337132495
50.634765625,0.37365045534074554,0.21381254933765573,1.8115455608569753
50.68359375,0.38385502212295974,0.2136163091463715,1.8035196668768523
50.732421875,0.3944467687327198,0.2140108075045146,1.7997065702680668
50.78125,0.40532246760492496,0.21500945352860637,1.8002018455483975
50.830078125,0.4163637098073241,0.21662467524816645,1.8050975467355117
50.87890625,0.4274360662003788,0.2188671157707085,1.814479306649342
50.927734375,0.438388799810729,0.22174452133595182,1.8284216163352942
50.9765625,0.4490553216595143,0.22526029690578364,1.8469810512471625
51.025390625,0.45925459820915054,0.2294117120242663,1.870187261289053
51.07421875,0.46879371872678466,0.23418776437490713,1.8980315886202137
51.123046875,0.4774718060124745,0.239566753319993,1.9304533142892812
51.171875,0.4850853946172032,0.2455136671478694,1.967323773681896
51.220703125,0.49143529868589486,0.25197754656517557,2.008428863321284
51.26953125,0.4963348425859981,0.25888908582301207,2.05345092598159
51.318359375,0.49961913536647007,0.26615878869424636,2.1019514605414327
51.3671875,0.5011548508869293,0.2736760676109506,2.1533566512212214
51.416015625,0.5008497587898468,0.2813096892050667,2.2069481448201724
51.46484375,0.4986610819746648,0.28890990937408,2.261861741924695
51.513671875,0.4946016847073432,0.29631253075310654,2.3170965473923064
51.5625,0.48874316843165044,0.3033448806483736,2.371536487765993
51.611328125,0.48121519548234537,0.3098334412366017,2.4239849226448507
51.66015625,0.4722007623613744,0.31561255940865196,2.4732114148551263
51.708984375,0.46192764897406263,0.3205334272749581,2.518007812636185
51.7578125,0.4506567857950582,0.32447237685852326,2.557248999768271
51.806640625,0.4386686989194689,0.32733758260527557,2.5899524519451944
51.85546875,0.42624942265109766,0.3290734310750392,2.6153303929609404
51.904296875,0.41367726340545125,0.3296621678662785,2.632829079650786
51.953125,0.40121157024767556,0.32912280220880047,2.642151409144333
52.001953125,0.3890842816515101,0.3275075984915513,2.6432613012206465
52.05078125,0.37749457005534287,0.32489676582818583,2.636370672810282
52.099609375,0.366606488840682,0.32139206374721585,2.6219118347382846
52.1484375,0.3565492096048428,0.31711005549389026,2.6004994435779007
52.197265625,0.3474192515673777,0.31217563359630013,2.5728866734935294
52.24609375,0.33928404652331107,0.30671626572761823,2.5399200432899725
52.294921875,0.332186224014652,0.30085724800343006,2.5024965904424294
52.34375,0.3261481051012237,0.2947180637768194,2.4615260534343575
52.392578125,0.32117602340919965,0.28840983357545175,2.4178996448447037
52.44140625,0.31726422145006317,0.2820337456545598,2.3724660290129638
52.490234375,0.3143981816319177,0.275680308627629,2.326014360347213
52.5390625,0.31255733722652584,0.26942925679999097,2.279263721463431
52.587890625,0.3117171682835872,0.2633499337283021,2.2328580008915617
52.63671875,0.3118507240410099,0.25750201250598376,2.187365132038177
52.685546875,0.3129296321982502,0.25193641802084055,2.1432796301025796
52.734375,0.31492466142673325,0.24669636201223072,2.1010274611845077
52.783203125,0.31780590145270327,0.2418184098643248,2.0609724089631523
52.83203125,0.3215426186970698,0.23733352949331216,2.0234232713863967
52.880859375,0.32610283723687883,0.23326808030068305,1.9886413592851702
52.9296875,0.33145268681655904,0.22964472231842192,1.956847897795991
52.978515625,0.3375555529702227,0.22648322700753368,1.9282310549208619
53.02734375,0.34437105973883386,0.22380117676605837,1.9029523855346437
53.076171875,0.35185391352736806,0.22161454946102438,1.881152562395514
53.125,0.3599526377154368,0.21993818033014437,1.8629562912805535
53.173828125,0.3686082320214883,0.21878608683481984,1.8484763342747659
53.22265625,0.37775279836462167,0.21817165323672633,1.8378165771628472
53.271484375,0.38730818634375425,0.21810766007678467,1.8310740639722098
53.3203125,0.3971847263378213,0.21860613216825134,1.8283399132546874
53.369140625,0.40728013613203207,0.21967799518865302,1.8296990062710716
53.41796875,0.4174787072747064,0.2213325095427438,1.8352283235457136
53.466796875,0.427650898379494,0.22357645792429212,1.8449937748288416
53.515625,0.43765348195849924,0.2264130699606405,1.859045372400304
53.564453125,0.44733040549456266,0.22984066144668858,1.8774106067891414
53.61328125,0.45651453145699594,0.2338510078204899,1.900085919158264
53.662109375,0.465030408891092,0.23842746169149198,1.9270262605554258
53.7109375,0.472698194173648,0.24354289546334654,1.958132873366738
53.759765625,0.4793387744969747,0.24915757292945667,1.9932396284482068
53.80859375,0.4847800499175778,0.25521712026932597,2.032098554232604
53.857421875,0.48886419884823074,0.26165082121436073,2.074365534745933
53.90625,0.4914555947335761,0.2683705137468422,2.1195875256142833
53.955078125,0.4924488746806132,0.27527038740047843,2.167193021721607
54.00390625,0.49177651067023265,0.28222798228919593,2.2164877361743254
54.052734375,0.48941513436095174,0.2891066070136272,2.266657526017515
54.1015625,0.4853898535366953,0.29575929761256875,2.3167803138504004
54.150390625,0.47977589939317156,0.30203422338264063,2.3658481293210065
54.19921875,0.4726971684903121,0.30778126681978113,2.4127993370722773
54.248046875,0.4643215523418004,0.3128592593515902,2.456559815215168
54.296875,0.45485333361461583,0.31714322815915735,2.496090413632909
54.345703125,0.4445233007413434,0.32053091015716556,2.5304368139847107
54.39453125,0.433577518250507,0.3229478666622691,2.5587771463657094
54.443359375,0.4222658297456,0.32435068126032757,2.580462691048037
54.4921875,0.41083113945057653,0.3247279845781233,2.5950476662107045
54.541015625,0.3995003320290433,0.3240993322210708,2.6023054782163477
54.58984375,0.38847739784327145,0.3225122117797725,2.602230491395792
54.638671875,0.37793899887893817,0.32003765341115736,2.595026142796137
54.6875,0.36803240366513706,0.31676499032179706,2.581081671133271
54.736328125,0.3588754840667632,0.3127963452464455,2.560940671974691
54.78515625,0.35055832500631406,0.30824129701153286,2.5352650741476177
54.833984375,0.3431459478210967,0.30321210961491385,2.5047979631980355
54.8828125,0.336681671108559,0.2978197302697331,2.470328130904839
54.931640625,0.33119070390419086,0.2921706638326098,2.432658478541128
54.98046875,0.32668365977005054,0.2863647225875235,2.392579576395869
55.029296875,0.32315977659219075,0.2804935758002102,2.3508489569331634
55.078125,0.32060971267014865,0.2746399826790975,2.3081761101482723
55.126953125,0.31901785813377015,0.26887758144580937,2.265212734905398
55.17578125,0.31836415048016276,0.26327110237541157,2.222547541007662
55.224609375,0.31862541558921886,0.25787687840417894,2.180704767065355
55.2734375,0.3197762741630281,0.2527435565612041,2.1401455851222604
55.322265625,0.32178966173919105,0.24791292163380005,2.101271597116741
55.37109375,0.32463701185738525,0.2434207654000907,2.064429742407397
55.419921875,0.32828814916037996,0.23929775881743368,2.0299180350119195
55.46875,0.33271093457681444,0.23557028095686788,1.9979916755107918
55.517578125,0.3378706999880308,0.2322611871444112,1.9688691697677558
55.56640625,0.343729505603455,0.22939049537318626,1.9427381997981206
55.615234375,0.3502452508569254,0.22697597551552268,1.9197610304963626
55.6640625,0.3573706694284546,0.22503363482065283,1.9000793186385359
55.712890625,0.3650522409168415,0.22357809248080315,1.8838182117124957
55.76171875,0.3732290567220361,0.22262281794211167,1.8710896390232632
55.810546875,0.3818316852470205,0.22218024831268945,1.8619947271579693
55.859375,0.39078109192174965,0.22226174521693573,1.8566252493206126
55.908203125,0.39998768253647005,0.22287738836377555,1.855064025724721
55.95703125,0.4093505530518647,0.22403558688098082,1.8573841705648413
56.005859375,0.4187570449485066,0.22574249234093943,1.8636470861729821
56.0546875,0.4280827199046962,0.2280011910122665,1.873899079532478
56.103515625,0.43719187931973585,0.2308106733096553,1.8881665090626987
56.15234375,0.4459387592958658,0.23416457708682403,1.90644937896817
56.201171875,0.45416952599805027,0.2380497285594997,1.9287133714499023
56.25,0.46172517522896683,0.242444512112385,1.9548803946128708
56.298828125,0.468445398660652,0.24731716361028563,1.9848178798776053
56.34765625,0.47417341413802017,0.2526240874811425,2.018327248008315
56.396484375,0.4787616671475189,0.25830836072434266,2.055132220297572
56.4453125,0.48207819822822995,0.26429862466370174,2.0948679228577545
56.494140625,0.48401334589042844,0.2705085915648202,2.13707200837701
56.54296875,0.4844863318898344,0.2768373951179811,2.181179258139364
56.591796875,0.4834511778779515,0.2831709926065388,2.2265212196562643
56.640625,0.480901354760479,0.28938475332353497,2.2723323706587073
56.689453125,0.47687259259252085,0.29534724848139216,2.3177639396049243
56.73828125,0.47144339343377417,0.3009251302404917,2.3619059081522047
56.787109375,0.4647329920165497,0.30598878481724107,2.403816818809178
56.8359375,0.4568967770765692,0.31041834913780747,2.442559977829315
56.884765625,0.44811947951835807,0.3141095298060637,2.477243622995376
56.93359375,0.43860670073917474,0.3169786891811213,2.5070617942239486
56.982421875,0.42857554379194973,0.3189666824804734,2.5313322659429716
57.03125,0.4182451868224026,0.32004111492024034,2.54952800203064
57.080078125,0.40782819021994593,0.32019684240532625,2.5612992790294555
57.12890625,0.3975231734495169,0.31945479889777323,2.5664847090394742
57.177734375,0.387509271873355,0.31785936256396974,2.565110696696428
57.2265625,0.3779425352475257,0.3154746645517549,2.557380168222813
57.275390625,0.3689542030147441,0.312380239482484,2.543652447548577
57.32421875,0.36065061801904125,0.3086664842831515,2.524416827265664
57.373046875,0.3531144345719643,0.30443025192070855,2.500262628355159
57.421875,0.34640673722970755,0.2997709015656179,2.4718484071201363
57.470703125,0.3405697009852364,0.2947869416240837,2.4398725480218078
57.51953125,0.33562947356538053,0.2895733819731207,2.405046913495503
57.568359375,0.3315990289545224,0.284219787462513,2.368074602183391
57.6171875,0.3284808129464795,0.27880897424128814,2.329632304500473
57.666015625,0.3262690674302195,0.2734162842010501,2.2903572807046553
57.71484375,0.32495177370304446,0.2681093195947122,2.250838644927458
57.763671875,0.3245121958834249,0.26294803966231955,2.211612425956972
57.8125,0.3249300331796643,0.2579851313506449,2.173159765099491
57.861328125,0.32618220690556216,0.2532665483691489,2.1359075872591733
57.91015625,0.3282433170826394,0.24883216805527042,2.1002311101957
57.958984375,0.331085806700925,0.24471649749397856,2.066457623761615
58.0078125,0.3346798714651076,0.24094939150682265,2.0348710568667983
58.056640625,0.3389931508687658,0.23755673817085904,2.0057169280529736
58.10546875,0.34399023388024624,0.2345611000008147,1.9792073665796435
58.154296875,0.3496320107014249,0.23198228132071558,1.955525953601393
58.203125,0.35587490128289745,0.22983781675542928,1.9348321958831607
58.251953125,0.36266999224760915,0.22814336202433402,1.9172654837299632
58.30078125,0.36996211681763036,0.22691297793530285,1.9029484189530106
58.349609375,0.37768891747803324,0.22615929684974506,1.8919894192489541
58.3984375,0.38577993831228213,0.22589356557491294,1.8844845100558982
58.447265625,0.394155803224185,0.22612554156345982,1.8805182250684083
58.49609375,0.40272754713235814,0.22686324152886028,1.8801635272512245
58.544921875,0.4113961787758102,0.2281125186167811,1.8834806694001527
58.59375,0.42005256535968694,0.22987646134579645,1.8905149050653296
58.642578125,0.4285777382430198,0.23215461161249806,1.901292970964041
58.69140625,0.4368437240515899,0.23494199148317302,1.91581829128467
58.740234375,0.44471500301154776,0.23822796287958126,1.9340648865053427
58.7890625,0.45205068326627296,0.24199494342382694,1.9559700434611622
58.837890625,0.45870745275607616,0.24621702728330452,1.9814259084892865
58.88671875,0.46454332572941887,0.25085861352939937,2.0102703020230406
58.935546875,0.4694221381240369,0.2558731209695431,2.0422772238796627
58.984375,0.47321866535190205,0.2612019724502698,2.0771477392295083
59.033203125,0.4758241428437356,0.2667739907768508,2.114502121916444
59.08203125,0.4771518732588356,0.2725053974797733,2.153874341103285
59.130859375,0.47714251847245104,0.2783005834611373,2.194710087306217
59.1796875,0.47576861773806023,0.28405379258726393,2.2363695328192943
59.228515625,0.4730378629482794,0.2896517649640424,2.2781358556744866
59.27734375,0.468994712709076,0.29497731792382215,2.3192301846107717
59.326171875,0.46372004473240164,0.29991369000705526,2.3588330417578516
59.375,0.45732872303749966,0.30434939436622394,2.396111617587804
59.423828125,0.44996517198654257,0.30818317828101816,2.430251436801807
59.47265625,0.44179726962300647,0.3113286823438573,2.460490212592317
59.521484375,0.4330090605525163,0.3137183576136321,2.486151207952339
59.5703125,0.4237929096094106,0.31530629634498925,2.5066732366370448
59.619140625,0.41434175115209315,0.31606973820058043,2.5216346731236867
59.66796875,0.4048420320826843,0.3160091676966078,2.53076945284417
59.716796875,0.3954678160585016,0.3151470909844455,2.5339739372223593
59.765625,0.38637634006236404,0.31352568965785105,2.5313045139959116
59.814453125,0.3777051274443142,0.3112036684489474,2.522966768031045
59.86328125,0.36957059365925277,0.30825261602307247,2.509297799636897
59.912109375,0.36206795384206475,0.30475323060248827,2.4907437382502633
59.9609375,0.355272163722299,0.3007916827362308,2.4678346338592796
